Datetime,Water Level (m)
2025-04-14 00:00:00,-1.2767042
2025-04-14 01:00:00,-1.5419217
2025-04-14 02:00:00,-1.539081
2025-04-14 03:00:00,-0.8794209
2025-04-14 04:00:00,-0.0204706
2025-04-14 05:00:00,0.69218177
2025-04-14 06:00:00,1.2574878
2025-04-14 07:00:00,1.3706721
2025-04-14 08:00:00,1.2531987
2025-04-14 09:00:00,0.7369976
2025-04-14 10:00:00,-0.012580743
2025-04-14 11:00:00,-0.57255477
2025-04-14 12:00:00,-0.9898631
2025-04-14 13:00:00,-1.3291872
2025-04-14 14:00:00,-1.440219
2025-04-14 15:00:00,-0.9798524
2025-04-14 16:00:00,-0.065766335
2025-04-14 17:00:00,0.62376255
2025-04-14 18:00:00,1.1185381
2025-04-14 19:00:00,1.3557506
2025-04-14 20:00:00,1.0320317
2025-04-14 21:00:00,0.4001526
2025-04-14 22:00:00,-0.26927298
2025-04-14 23:00:00,-0.78933805
2025-04-15 00:00:00,-1.2041442
2025-04-15 01:00:00,-1.4991555
2025-04-15 02:00:00,-1.6302052
2025-04-15 03:00:00,-1.317475
2025-04-15 04:00:00,-0.36577478
2025-04-15 05:00:00,0.4062761
2025-04-15 06:00:00,1.0612772
2025-04-15 07:00:00,1.4699287
2025-04-15 08:00:00,1.3905642
2025-04-15 09:00:00,0.9367075
2025-04-15 10:00:00,0.28253686
2025-04-15 11:00:00,-0.33521545
2025-04-15 12:00:00,-0.78833693
2025-04-15 13:00:00,-1.1588563
2025-04-15 14:00:00,-1.3669744
2025-04-15 15:00:00,-1.2609191
2025-04-15 16:00:00,-0.47252432
2025-04-15 17:00:00,0.2814417
2025-04-15 18:00:00,0.8819403
2025-04-15 19:00:00,1.2706199
2025-04-15 20:00:00,1.198938
2025-04-15 21:00:00,0.7132075
2025-04-15 22:00:00,-0.0001256343
2025-04-15 23:00:00,-0.5775631
2025-04-16 00:00:00,-1.0131682
2025-04-16 01:00:00,-1.3549743
2025-04-16 02:00:00,-1.5380354
2025-04-16 03:00:00,-1.4391501
2025-04-16 04:00:00,-0.67745537
2025-04-16 05:00:00,0.12150288
2025-04-16 06:00:00,0.7977367
2025-04-16 07:00:00,1.3235663
2025-04-16 08:00:00,1.4420953
2025-04-16 09:00:00,1.1851788
2025-04-16 10:00:00,0.6334461
2025-04-16 11:00:00,-0.047666416
2025-04-16 12:00:00,-0.5574508
2025-04-16 13:00:00,-0.93744
2025-04-16 14:00:00,-1.2189264
2025-04-16 15:00:00,-1.2696364
2025-04-16 16:00:00,-0.80016893
2025-04-16 17:00:00,0.020625439
2025-04-16 18:00:00,0.6395857
2025-04-16 19:00:00,1.078658
2025-04-16 20:00:00,1.2973362
2025-04-16 21:00:00,1.007191
2025-04-16 22:00:00,0.31536463
2025-04-16 23:00:00,-0.30726725
2025-04-17 00:00:00,-0.7792691
2025-04-17 01:00:00,-1.1529247
2025-04-17 02:00:00,-1.3931365
2025-04-17 03:00:00,-1.4107481
2025-04-17 04:00:00,-0.9288362
2025-04-17 05:00:00,-0.095111415
2025-04-17 06:00:00,0.5780528
2025-04-17 07:00:00,1.1181118
2025-04-17 08:00:00,1.4032923
2025-04-17 09:00:00,1.32028
2025-04-17 10:00:00,0.914648
2025-04-17 11:00:00,0.2877598
2025-04-17 12:00:00,-0.28713736
2025-04-17 13:00:00,-0.6977142
2025-04-17 14:00:00,-1.0135605
2025-04-17 15:00:00,-1.183813
2025-04-17 16:00:00,-0.99351525
2025-04-17 17:00:00,-0.28205606
2025-04-17 18:00:00,0.3486623
2025-04-17 19:00:00,0.8223337
2025-04-17 20:00:00,1.0612446
2025-04-17 21:00:00,0.9725614
2025-04-17 22:00:00,0.46321574
2025-04-17 23:00:00,-0.13550803
2025-04-18 00:00:00,-0.5937018
2025-04-18 01:00:00,-0.93022233
2025-04-18 02:00:00,-1.1668179
2025-04-18 03:00:00,-1.2671773
2025-04-18 04:00:00,-1.0693477
2025-04-18 05:00:00,-0.38520753
2025-04-18 06:00:00,0.28094545
2025-04-18 07:00:00,0.8246797
2025-04-18 08:00:00,1.2310119
2025-04-18 09:00:00,1.3018322
2025-04-18 10:00:00,1.1036637
2025-04-18 11:00:00,0.5632881
2025-04-18 12:00:00,-0.036211025
2025-04-18 13:00:00,-0.47732294
2025-04-18 14:00:00,-0.77298534
2025-04-18 15:00:00,-0.9623302
2025-04-18 16:00:00,-0.9251046
2025-04-18 17:00:00,-0.5188387
2025-04-18 18:00:00,0.063383915
2025-04-18 19:00:00,0.52386296
2025-04-18 20:00:00,0.83856595
2025-04-18 21:00:00,0.93785065
2025-04-18 22:00:00,0.72754073
2025-04-18 23:00:00,0.20540373
2025-04-19 00:00:00,-0.31114677
2025-04-19 01:00:00,-0.6867585
2025-04-19 02:00:00,-0.9700685
2025-04-19 03:00:00,-1.1319563
2025-04-19 04:00:00,-1.0881752
2025-04-19 05:00:00,-0.68150306
2025-04-19 06:00:00,-0.056643065
2025-04-19 07:00:00,0.46292517
2025-04-19 08:00:00,0.89802605
2025-04-19 09:00:00,1.189597
2025-04-19 10:00:00,1.191231
2025-04-19 11:00:00,0.8576885
2025-04-19 12:00:00,0.30100197
2025-04-19 13:00:00,-0.18803349
2025-04-19 14:00:00,-0.5327673
2025-04-19 15:00:00,-0.7414294
2025-04-19 16:00:00,-0.8261975
2025-04-19 17:00:00,-0.663575
2025-04-19 18:00:00,-0.20167491
2025-04-19 19:00:00,0.24457587
2025-04-19 20:00:00,0.5616991
2025-04-19 21:00:00,0.7269243
2025-04-19 22:00:00,0.7192785
2025-04-19 23:00:00,0.43296102
2025-04-20 00:00:00,-0.0039012819
